name,email,domain,summary,skills,experience,education
Arjun Chopra,arjun.chopra@example.com,Software Engineering,"Software Engineering professional skilled in Git, Python, React. Passionate about driving results and solving challenges through innovation and teamwork.","Git, Python, React, Algorithms, C++",Worked at Larsen & Toubro as a Software Engineering specialist focusing on git and python.,B.Tech in Software Engineering from Symbiosis Pune.
Siddharth Menon,siddharth.menon@example.com,Software Engineering,"Software Engineering professional skilled in Java, React, Git. Passionate about driving results and solving challenges through innovation and teamwork.","Java, React, Git, Django, C++",Worked at Microsoft India as a Software Engineering specialist focusing on java and react.,B.Tech in Software Engineering from Delhi University.
Ritika Rao,ritika.rao@example.com,Software Engineering,"Software Engineering professional skilled in C++, Django, React. Passionate about driving results and solving challenges through innovation and teamwork.","C++, Django, React, Git, Algorithms",Worked at Flipkart as a Software Engineering specialist focusing on c++ and django.,B.Tech in Software Engineering from Anna University.
Siddharth Chopra,siddharth.chopra@example.com,Software Engineering,"Software Engineering professional skilled in React, Git, Algorithms. Passionate about driving results and solving challenges through innovation and teamwork.","React, Git, Algorithms, Python, Java",Worked at HCL Technologies as a Software Engineering specialist focusing on react and git.,B.Tech in Software Engineering from Pune University.
Kavya Joshi,kavya.joshi@example.com,Software Engineering,"Software Engineering professional skilled in Java, SQL, Django. Passionate about driving results and solving challenges through innovation and teamwork.","Java, SQL, Django, Git, Algorithms",Worked at Adani Group as a Software Engineering specialist focusing on java and sql.,B.Tech in Software Engineering from Delhi University.
Nisha Chopra,nisha.chopra@example.com,Software Engineering,"Software Engineering professional skilled in Algorithms, React, Python. Passionate about driving results and solving challenges through innovation and teamwork.","Algorithms, React, Python, SQL, Django",Worked at HDFC Bank as a Software Engineering specialist focusing on algorithms and react.,B.Tech in Software Engineering from IIT Madras.
Kunal Gupta,kunal.gupta@example.com,Software Engineering,"Software Engineering professional skilled in Git, C++, Algorithms. Passionate about driving results and solving challenges through innovation and teamwork.","Git, C++, Algorithms, SQL, Java",Worked at Reliance Industries as a Software Engineering specialist focusing on git and c++.,B.Tech in Software Engineering from IIT Delhi.
Aditya Reddy,aditya.reddy@example.com,Software Engineering,"Software Engineering professional skilled in Algorithms, SQL, C++. Passionate about driving results and solving challenges through innovation and teamwork.","Algorithms, SQL, C++, Python, Django",Worked at Google India as a Software Engineering specialist focusing on algorithms and sql.,B.Tech in Software Engineering from NIT Trichy.
Manav Rao,manav.rao@example.com,Software Engineering,"Software Engineering professional skilled in C++, Git, Django. Passionate about driving results and solving challenges through innovation and teamwork.","C++, Git, Django, Java, Algorithms",Worked at Infosys as a Software Engineering specialist focusing on c++ and git.,B.Tech in Software Engineering from Manipal University.
Amit Rao,amit.rao@example.com,Software Engineering,"Software Engineering professional skilled in Django, Java, Git. Passionate about driving results and solving challenges through innovation and teamwork.","Django, Java, Git, SQL, Python",Worked at Mahindra & Mahindra as a Software Engineering specialist focusing on django and java.,B.Tech in Software Engineering from Symbiosis Pune.
Sneha Chopra,sneha.chopra@example.com,Data Science,"Data Science professional skilled in Machine Learning, NumPy, Statistics. Passionate about driving results and solving challenges through innovation and teamwork.","Machine Learning, NumPy, Statistics, TensorFlow, Python",Worked at Flipkart as a Data Science specialist focusing on machine learning and numpy.,B.Tech in Data Science from Mumbai University.
Aditya Das,aditya.das@example.com,Data Science,"Data Science professional skilled in Statistics, TensorFlow, Deep Learning. Passionate about driving results and solving challenges through innovation and teamwork.","Statistics, TensorFlow, Deep Learning, Python, Tableau",Worked at Bosch India as a Data Science specialist focusing on statistics and tensorflow.,B.Tech in Data Science from VIT Vellore.
Amit Verma,amit.verma@example.com,Data Science,"Data Science professional skilled in NumPy, Tableau, Python. Passionate about driving results and solving challenges through innovation and teamwork.","NumPy, Tableau, Python, Statistics, Deep Learning",Worked at Ola Cabs as a Data Science specialist focusing on numpy and tableau.,B.Tech in Data Science from Delhi University.
Nisha Das,nisha.das@example.com,Data Science,"Data Science professional skilled in Python, NumPy, Pandas. Passionate about driving results and solving challenges through innovation and teamwork.","Python, NumPy, Pandas, Machine Learning, Statistics",Worked at Google India as a Data Science specialist focusing on python and numpy.,B.Tech in Data Science from VIT Vellore.
Sneha Malhotra,sneha.malhotra@example.com,Data Science,"Data Science professional skilled in TensorFlow, Statistics, Deep Learning. Passionate about driving results and solving challenges through innovation and teamwork.","TensorFlow, Statistics, Deep Learning, NumPy, Python",Worked at Microsoft India as a Data Science specialist focusing on tensorflow and statistics.,B.Tech in Data Science from Christ University.
Neha Verma,neha.verma@example.com,Data Science,"Data Science professional skilled in Statistics, TensorFlow, Deep Learning. Passionate about driving results and solving challenges through innovation and teamwork.","Statistics, TensorFlow, Deep Learning, NumPy, Machine Learning",Worked at Mahindra & Mahindra as a Data Science specialist focusing on statistics and tensorflow.,B.Tech in Data Science from IIT Bombay.
Rahul Kapoor,rahul.kapoor@example.com,Data Science,"Data Science professional skilled in Deep Learning, Statistics, TensorFlow. Passionate about driving results and solving challenges through innovation and teamwork.","Deep Learning, Statistics, TensorFlow, NumPy, Tableau",Worked at Reliance Industries as a Data Science specialist focusing on deep learning and statistics.,B.Tech in Data Science from Symbiosis Pune.
Ritika Sharma,ritika.sharma@example.com,Data Science,"Data Science professional skilled in Deep Learning, Python, NumPy. Passionate about driving results and solving challenges through innovation and teamwork.","Deep Learning, Python, NumPy, Statistics, Machine Learning",Worked at HCL Technologies as a Data Science specialist focusing on deep learning and python.,B.Tech in Data Science from Pune University.
Rahul Reddy,rahul.reddy@example.com,Data Science,"Data Science professional skilled in Python, Tableau, NumPy. Passionate about driving results and solving challenges through innovation and teamwork.","Python, Tableau, NumPy, Statistics, TensorFlow",Worked at Ola Cabs as a Data Science specialist focusing on python and tableau.,B.Tech in Data Science from Anna University.
Kunal Bose,kunal.bose@example.com,Data Science,"Data Science professional skilled in TensorFlow, Statistics, Pandas. Passionate about driving results and solving challenges through innovation and teamwork.","TensorFlow, Statistics, Pandas, NumPy, Deep Learning",Worked at Ola Cabs as a Data Science specialist focusing on tensorflow and statistics.,B.Tech in Data Science from Mumbai University.
Vikram Singh,vikram.singh@example.com,Cybersecurity,"Cybersecurity professional skilled in Wireshark, Linux, Penetration Testing. Passionate about driving results and solving challenges through innovation and teamwork.","Wireshark, Linux, Penetration Testing, Encryption, Firewalls",Worked at Asian Paints as a Cybersecurity specialist focusing on wireshark and linux.,B.Tech in Cybersecurity from IIT Delhi.
Aakash Sharma,aakash.sharma@example.com,Cybersecurity,"Cybersecurity professional skilled in Linux, Network Security, Wireshark. Passionate about driving results and solving challenges through innovation and teamwork.","Linux, Network Security, Wireshark, Firewalls, Encryption",Worked at Tech Mahindra as a Cybersecurity specialist focusing on linux and network security.,B.Tech in Cybersecurity from NIT Trichy.
Amit Bose,amit.bose@example.com,Cybersecurity,"Cybersecurity professional skilled in Encryption, Network Security, Firewalls. Passionate about driving results and solving challenges through innovation and teamwork.","Encryption, Network Security, Firewalls, Linux, Ethical Hacking",Worked at Microsoft India as a Cybersecurity specialist focusing on encryption and network security.,B.Tech in Cybersecurity from Mumbai University.
Vikram Patel,vikram.patel@example.com,Cybersecurity,"Cybersecurity professional skilled in Penetration Testing, Network Security, Linux. Passionate about driving results and solving challenges through innovation and teamwork.","Penetration Testing, Network Security, Linux, Firewalls, Ethical Hacking",Worked at Google India as a Cybersecurity specialist focusing on penetration testing and network security.,B.Tech in Cybersecurity from IIT Delhi.
Ishita Singh,ishita.singh@example.com,Cybersecurity,"Cybersecurity professional skilled in Linux, Network Security, Firewalls. Passionate about driving results and solving challenges through innovation and teamwork.","Linux, Network Security, Firewalls, Encryption, Penetration Testing",Worked at Google India as a Cybersecurity specialist focusing on linux and network security.,B.Tech in Cybersecurity from BITS Pilani.
Devika Nair,devika.nair@example.com,Cybersecurity,"Cybersecurity professional skilled in Encryption, Firewalls, Network Security. Passionate about driving results and solving challenges through innovation and teamwork.","Encryption, Firewalls, Network Security, Wireshark, Ethical Hacking",Worked at Adani Group as a Cybersecurity specialist focusing on encryption and firewalls.,B.Tech in Cybersecurity from Manipal University.
Nisha Deshmukh,nisha.deshmukh@example.com,Cybersecurity,"Cybersecurity professional skilled in Linux, Ethical Hacking, Encryption. Passionate about driving results and solving challenges through innovation and teamwork.","Linux, Ethical Hacking, Encryption, Network Security, Penetration Testing",Worked at Asian Paints as a Cybersecurity specialist focusing on linux and ethical hacking.,B.Tech in Cybersecurity from NIT Trichy.
Kavya Bhatia,kavya.bhatia@example.com,Cybersecurity,"Cybersecurity professional skilled in Penetration Testing, Linux, Wireshark. Passionate about driving results and solving challenges through innovation and teamwork.","Penetration Testing, Linux, Wireshark, Network Security, Firewalls",Worked at Asian Paints as a Cybersecurity specialist focusing on penetration testing and linux.,B.Tech in Cybersecurity from Manipal University.
Kavya Reddy,kavya.reddy@example.com,Cybersecurity,"Cybersecurity professional skilled in Ethical Hacking, Firewalls, Encryption. Passionate about driving results and solving challenges through innovation and teamwork.","Ethical Hacking, Firewalls, Encryption, Penetration Testing, Network Security",Worked at Adani Group as a Cybersecurity specialist focusing on ethical hacking and firewalls.,B.Tech in Cybersecurity from Mumbai University.
Ishita Menon,ishita.menon@example.com,Cybersecurity,"Cybersecurity professional skilled in Encryption, Firewalls, Wireshark. Passionate about driving results and solving challenges through innovation and teamwork.","Encryption, Firewalls, Wireshark, Network Security, Penetration Testing",Worked at Ola Cabs as a Cybersecurity specialist focusing on encryption and firewalls.,B.Tech in Cybersecurity from NIT Trichy.
Ritika Joshi,ritika.joshi@example.com,Cloud Engineering,"Cloud Engineering professional skilled in CI/CD, Kubernetes, AWS. Passionate about driving results and solving challenges through innovation and teamwork.","CI/CD, Kubernetes, AWS, Docker, Terraform",Worked at HCL Technologies as a Cloud Engineering specialist focusing on ci/cd and kubernetes.,B.Tech in Cloud Engineering from Anna University.
Rohan Gupta,rohan.gupta@example.com,Cloud Engineering,"Cloud Engineering professional skilled in AWS, Terraform, Docker. Passionate about driving results and solving challenges through innovation and teamwork.","AWS, Terraform, Docker, Linux, CI/CD",Worked at HCL Technologies as a Cloud Engineering specialist focusing on aws and terraform.,B.Tech in Cloud Engineering from Mumbai University.
Ritika Rao,ritika.rao@example.com,Cloud Engineering,"Cloud Engineering professional skilled in Docker, Terraform, Linux. Passionate about driving results and solving challenges through innovation and teamwork.","Docker, Terraform, Linux, Kubernetes, AWS",Worked at HCL Technologies as a Cloud Engineering specialist focusing on docker and terraform.,B.Tech in Cloud Engineering from Manipal University.
Nisha Bose,nisha.bose@example.com,Cloud Engineering,"Cloud Engineering professional skilled in AWS, CI/CD, Kubernetes. Passionate about driving results and solving challenges through innovation and teamwork.","AWS, CI/CD, Kubernetes, Azure, Linux",Worked at Mahindra & Mahindra as a Cloud Engineering specialist focusing on aws and ci/cd.,B.Tech in Cloud Engineering from Pune University.
Priya Deshmukh,priya.deshmukh@example.com,Cloud Engineering,"Cloud Engineering professional skilled in AWS, Terraform, Azure. Passionate about driving results and solving challenges through innovation and teamwork.","AWS, Terraform, Azure, Kubernetes, CI/CD",Worked at Bosch India as a Cloud Engineering specialist focusing on aws and terraform.,B.Tech in Cloud Engineering from SRM University.
Neha Patel,neha.patel@example.com,Cloud Engineering,"Cloud Engineering professional skilled in CI/CD, Linux, AWS. Passionate about driving results and solving challenges through innovation and teamwork.","CI/CD, Linux, AWS, Docker, Kubernetes",Worked at Infosys as a Cloud Engineering specialist focusing on ci/cd and linux.,B.Tech in Cloud Engineering from SRM University.
Ritika Bose,ritika.bose@example.com,Cloud Engineering,"Cloud Engineering professional skilled in Linux, CI/CD, Kubernetes. Passionate about driving results and solving challenges through innovation and teamwork.","Linux, CI/CD, Kubernetes, Docker, Terraform",Worked at Asian Paints as a Cloud Engineering specialist focusing on linux and ci/cd.,B.Tech in Cloud Engineering from Pune University.
Ishita Pillai,ishita.pillai@example.com,Cloud Engineering,"Cloud Engineering professional skilled in Terraform, Azure, Kubernetes. Passionate about driving results and solving challenges through innovation and teamwork.","Terraform, Azure, Kubernetes, Docker, AWS",Worked at HDFC Bank as a Cloud Engineering specialist focusing on terraform and azure.,B.Tech in Cloud Engineering from BITS Pilani.
Neha Reddy,neha.reddy@example.com,Cloud Engineering,"Cloud Engineering professional skilled in CI/CD, Kubernetes, Linux. Passionate about driving results and solving challenges through innovation and teamwork.","CI/CD, Kubernetes, Linux, Docker, Azure",Worked at Asian Paints as a Cloud Engineering specialist focusing on ci/cd and kubernetes.,B.Tech in Cloud Engineering from VIT Vellore.
Vikram Nair,vikram.nair@example.com,Cloud Engineering,"Cloud Engineering professional skilled in Linux, Azure, AWS. Passionate about driving results and solving challenges through innovation and teamwork.","Linux, Azure, AWS, CI/CD, Terraform",Worked at Ola Cabs as a Cloud Engineering specialist focusing on linux and azure.,B.Tech in Cloud Engineering from Pune University.
Neha Joshi,neha.joshi@example.com,Product Management,"Product Management professional skilled in Market Research, Agile, Stakeholder Management. Passionate about driving results and solving challenges through innovation and teamwork.","Market Research, Agile, Stakeholder Management, Analytics, Roadmapping",Worked at HCL Technologies as a Product Management specialist focusing on market research and agile.,B.Tech in Product Management from NIT Trichy.
Rahul Singh,rahul.singh@example.com,Product Management,"Product Management professional skilled in Analytics, Stakeholder Management, Scrum. Passionate about driving results and solving challenges through innovation and teamwork.","Analytics, Stakeholder Management, Scrum, Agile, Market Research",Worked at HCL Technologies as a Product Management specialist focusing on analytics and stakeholder management.,B.Tech in Product Management from BITS Pilani.
Devika Mehta,devika.mehta@example.com,Product Management,"Product Management professional skilled in Agile, Roadmapping, Analytics. Passionate about driving results and solving challenges through innovation and teamwork.","Agile, Roadmapping, Analytics, Scrum, Stakeholder Management",Worked at Ola Cabs as a Product Management specialist focusing on agile and roadmapping.,B.Tech in Product Management from Symbiosis Pune.
Siddharth Singh,siddharth.singh@example.com,Product Management,"Product Management professional skilled in Roadmapping, Agile, Stakeholder Management. Passionate about driving results and solving challenges through innovation and teamwork.","Roadmapping, Agile, Stakeholder Management, Scrum, Market Research",Worked at Adani Group as a Product Management specialist focusing on roadmapping and agile.,B.Tech in Product Management from SRM University.
Manav Reddy,manav.reddy@example.com,Product Management,"Product Management professional skilled in Scrum, Roadmapping, Agile. Passionate about driving results and solving challenges through innovation and teamwork.","Scrum, Roadmapping, Agile, Stakeholder Management, Analytics",Worked at ICICI Bank as a Product Management specialist focusing on scrum and roadmapping.,B.Tech in Product Management from Anna University.
Aakash Bose,aakash.bose@example.com,Product Management,"Product Management professional skilled in Stakeholder Management, Roadmapping, Agile. Passionate about driving results and solving challenges through innovation and teamwork.","Stakeholder Management, Roadmapping, Agile, Analytics, Scrum",Worked at Tech Mahindra as a Product Management specialist focusing on stakeholder management and roadmapping.,B.Tech in Product Management from Pune University.
Neha Iyer,neha.iyer@example.com,Product Management,"Product Management professional skilled in Market Research, Analytics, Agile. Passionate about driving results and solving challenges through innovation and teamwork.","Market Research, Analytics, Agile, Scrum, Stakeholder Management",Worked at Google India as a Product Management specialist focusing on market research and analytics.,B.Tech in Product Management from Anna University.
Aakash Patel,aakash.patel@example.com,Product Management,"Product Management professional skilled in Stakeholder Management, Agile, Analytics. Passionate about driving results and solving challenges through innovation and teamwork.","Stakeholder Management, Agile, Analytics, Roadmapping, Scrum",Worked at Asian Paints as a Product Management specialist focusing on stakeholder management and agile.,B.Tech in Product Management from IIT Bombay.
Priya Verma,priya.verma@example.com,Product Management,"Product Management professional skilled in Roadmapping, Analytics, Scrum. Passionate about driving results and solving challenges through innovation and teamwork.","Roadmapping, Analytics, Scrum, Agile, Market Research",Worked at Google India as a Product Management specialist focusing on roadmapping and analytics.,B.Tech in Product Management from Mumbai University.
Ishita Malhotra,ishita.malhotra@example.com,Product Management,"Product Management professional skilled in Stakeholder Management, Analytics, Roadmapping. Passionate about driving results and solving challenges through innovation and teamwork.","Stakeholder Management, Analytics, Roadmapping, Scrum, Agile",Worked at HDFC Bank as a Product Management specialist focusing on stakeholder management and analytics.,B.Tech in Product Management from Delhi University.
Nisha Malhotra,nisha.malhotra@example.com,Digital Marketing,"Digital Marketing professional skilled in SEO, Email Marketing, Google Ads. Passionate about driving results and solving challenges through innovation and teamwork.","SEO, Email Marketing, Google Ads, Analytics, Content Marketing",Worked at Tata Motors as a Digital Marketing specialist focusing on seo and email marketing.,B.Tech in Digital Marketing from IIT Bombay.
Rahul Das,rahul.das@example.com,Digital Marketing,"Digital Marketing professional skilled in Social Media, SEO, Email Marketing. Passionate about driving results and solving challenges through innovation and teamwork.","Social Media, SEO, Email Marketing, Analytics, Content Marketing",Worked at HCL Technologies as a Digital Marketing specialist focusing on social media and seo.,B.Tech in Digital Marketing from NIT Trichy.
Kavya Bhatia,kavya.bhatia@example.com,Digital Marketing,"Digital Marketing professional skilled in Analytics, Social Media, Content Marketing. Passionate about driving results and solving challenges through innovation and teamwork.","Analytics, Social Media, Content Marketing, Email Marketing, SEO",Worked at Amazon India as a Digital Marketing specialist focusing on analytics and social media.,B.Tech in Digital Marketing from NIT Trichy.
Nisha Sharma,nisha.sharma@example.com,Digital Marketing,"Digital Marketing professional skilled in Content Marketing, Google Ads, Email Marketing. Passionate about driving results and solving challenges through innovation and teamwork.","Content Marketing, Google Ads, Email Marketing, Social Media, Analytics",Worked at HDFC Bank as a Digital Marketing specialist focusing on content marketing and google ads.,B.Tech in Digital Marketing from SRM University.
Kunal Reddy,kunal.reddy@example.com,Digital Marketing,"Digital Marketing professional skilled in Content Marketing, Google Ads, Social Media. Passionate about driving results and solving challenges through innovation and teamwork.","Content Marketing, Google Ads, Social Media, Email Marketing, SEO",Worked at ICICI Bank as a Digital Marketing specialist focusing on content marketing and google ads.,B.Tech in Digital Marketing from BITS Pilani.
Amit Mehta,amit.mehta@example.com,Digital Marketing,"Digital Marketing professional skilled in Social Media, Analytics, SEO. Passionate about driving results and solving challenges through innovation and teamwork.","Social Media, Analytics, SEO, Google Ads, Email Marketing",Worked at Ola Cabs as a Digital Marketing specialist focusing on social media and analytics.,B.Tech in Digital Marketing from Pune University.
Nisha Bhatia,nisha.bhatia@example.com,Digital Marketing,"Digital Marketing professional skilled in Analytics, Content Marketing, Email Marketing. Passionate about driving results and solving challenges through innovation and teamwork.","Analytics, Content Marketing, Email Marketing, Google Ads, Social Media",Worked at Apollo Hospitals as a Digital Marketing specialist focusing on analytics and content marketing.,B.Tech in Digital Marketing from Mumbai University.
Kavya Das,kavya.das@example.com,Digital Marketing,"Digital Marketing professional skilled in Email Marketing, SEO, Analytics. Passionate about driving results and solving challenges through innovation and teamwork.","Email Marketing, SEO, Analytics, Social Media, Content Marketing",Worked at Apollo Hospitals as a Digital Marketing specialist focusing on email marketing and seo.,B.Tech in Digital Marketing from SRM University.
Neha Patel,neha.patel@example.com,Digital Marketing,"Digital Marketing professional skilled in SEO, Social Media, Content Marketing. Passionate about driving results and solving challenges through innovation and teamwork.","SEO, Social Media, Content Marketing, Email Marketing, Google Ads",Worked at Google India as a Digital Marketing specialist focusing on seo and social media.,B.Tech in Digital Marketing from Anna University.
Ishita Menon,ishita.menon@example.com,Digital Marketing,"Digital Marketing professional skilled in Analytics, Email Marketing, Social Media. Passionate about driving results and solving challenges through innovation and teamwork.","Analytics, Email Marketing, Social Media, Google Ads, Content Marketing",Worked at Adani Group as a Digital Marketing specialist focusing on analytics and email marketing.,B.Tech in Digital Marketing from Pune University.
Ananya Mehta,ananya.mehta@example.com,UI/UX Design,"UI/UX Design professional skilled in User Research, Figma, Adobe XD. Passionate about driving results and solving challenges through innovation and teamwork.","User Research, Figma, Adobe XD, Illustrator, Prototyping",Worked at Infosys as a UI/UX Design specialist focusing on user research and figma.,B.Tech in UI/UX Design from BITS Pilani.
Ritika Menon,ritika.menon@example.com,UI/UX Design,"UI/UX Design professional skilled in User Research, Figma, Adobe XD. Passionate about driving results and solving challenges through innovation and teamwork.","User Research, Figma, Adobe XD, Wireframing, Prototyping",Worked at Larsen & Toubro as a UI/UX Design specialist focusing on user research and figma.,B.Tech in UI/UX Design from IIT Bombay.
Rohan Rao,rohan.rao@example.com,UI/UX Design,"UI/UX Design professional skilled in Illustrator, Figma, Prototyping. Passionate about driving results and solving challenges through innovation and teamwork.","Illustrator, Figma, Prototyping, Adobe XD, User Research",Worked at TCS as a UI/UX Design specialist focusing on illustrator and figma.,B.Tech in UI/UX Design from SRM University.
Neha Mehta,neha.mehta@example.com,UI/UX Design,"UI/UX Design professional skilled in Prototyping, Adobe XD, Figma. Passionate about driving results and solving challenges through innovation and teamwork.","Prototyping, Adobe XD, Figma, Wireframing, User Research",Worked at Infosys as a UI/UX Design specialist focusing on prototyping and adobe xd.,B.Tech in UI/UX Design from IIT Delhi.
Sneha Joshi,sneha.joshi@example.com,UI/UX Design,"UI/UX Design professional skilled in Prototyping, Figma, Wireframing. Passionate about driving results and solving challenges through innovation and teamwork.","Prototyping, Figma, Wireframing, Illustrator, User Research",Worked at Wipro as a UI/UX Design specialist focusing on prototyping and figma.,B.Tech in UI/UX Design from Amity University.
Neha Deshmukh,neha.deshmukh@example.com,UI/UX Design,"UI/UX Design professional skilled in Illustrator, Figma, Wireframing. Passionate about driving results and solving challenges through innovation and teamwork.","Illustrator, Figma, Wireframing, Adobe XD, User Research",Worked at ICICI Bank as a UI/UX Design specialist focusing on illustrator and figma.,B.Tech in UI/UX Design from IIT Madras.
Sneha Iyer,sneha.iyer@example.com,UI/UX Design,"UI/UX Design professional skilled in Adobe XD, Figma, Illustrator. Passionate about driving results and solving challenges through innovation and teamwork.","Adobe XD, Figma, Illustrator, User Research, Prototyping",Worked at Asian Paints as a UI/UX Design specialist focusing on adobe xd and figma.,B.Tech in UI/UX Design from Symbiosis Pune.
Rohan Pillai,rohan.pillai@example.com,UI/UX Design,"UI/UX Design professional skilled in Adobe XD, Figma, Illustrator. Passionate about driving results and solving challenges through innovation and teamwork.","Adobe XD, Figma, Illustrator, User Research, Wireframing",Worked at Bosch India as a UI/UX Design specialist focusing on adobe xd and figma.,B.Tech in UI/UX Design from Delhi University.
Aakash Kapoor,aakash.kapoor@example.com,UI/UX Design,"UI/UX Design professional skilled in Figma, Adobe XD, Illustrator. Passionate about driving results and solving challenges through innovation and teamwork.","Figma, Adobe XD, Illustrator, User Research, Wireframing",Worked at Amazon India as a UI/UX Design specialist focusing on figma and adobe xd.,B.Tech in UI/UX Design from Delhi University.
Ritika Pillai,ritika.pillai@example.com,UI/UX Design,"UI/UX Design professional skilled in Adobe XD, User Research, Wireframing. Passionate about driving results and solving challenges through innovation and teamwork.","Adobe XD, User Research, Wireframing, Figma, Prototyping",Worked at Google India as a UI/UX Design specialist focusing on adobe xd and user research.,B.Tech in UI/UX Design from Manipal University.
Rohan Verma,rohan.verma@example.com,Business Analysis,"Business Analysis professional skilled in Power BI, Tableau, Data Modeling. Passionate about driving results and solving challenges through innovation and teamwork.","Power BI, Tableau, Data Modeling, SQL, Excel",Worked at Wipro as a Business Analysis specialist focusing on power bi and tableau.,B.Tech in Business Analysis from Symbiosis Pune.
Amit Sharma,amit.sharma@example.com,Business Analysis,"Business Analysis professional skilled in Tableau, SQL, Data Modeling. Passionate about driving results and solving challenges through innovation and teamwork.","Tableau, SQL, Data Modeling, Excel, Power BI",Worked at Microsoft India as a Business Analysis specialist focusing on tableau and sql.,B.Tech in Business Analysis from Delhi University.
Ishita Gupta,ishita.gupta@example.com,Business Analysis,"Business Analysis professional skilled in Tableau, Data Modeling, Power BI. Passionate about driving results and solving challenges through innovation and teamwork.","Tableau, Data Modeling, Power BI, SQL, Excel",Worked at TCS as a Business Analysis specialist focusing on tableau and data modeling.,B.Tech in Business Analysis from Manipal University.
Rahul Das,rahul.das@example.com,Business Analysis,"Business Analysis professional skilled in Excel, Power BI, SQL. Passionate about driving results and solving challenges through innovation and teamwork.","Excel, Power BI, SQL, Tableau, Data Modeling",Worked at Google India as a Business Analysis specialist focusing on excel and power bi.,B.Tech in Business Analysis from IIT Madras.
Ishita Iyer,ishita.iyer@example.com,Business Analysis,"Business Analysis professional skilled in Excel, Power BI, Tableau. Passionate about driving results and solving challenges through innovation and teamwork.","Excel, Power BI, Tableau, Requirements Gathering, SQL",Worked at Reliance Industries as a Business Analysis specialist focusing on excel and power bi.,B.Tech in Business Analysis from IIT Madras.
Kavya Malhotra,kavya.malhotra@example.com,Business Analysis,"Business Analysis professional skilled in Data Modeling, Tableau, Power BI. Passionate about driving results and solving challenges through innovation and teamwork.","Data Modeling, Tableau, Power BI, Requirements Gathering, Excel",Worked at HCL Technologies as a Business Analysis specialist focusing on data modeling and tableau.,B.Tech in Business Analysis from NIT Trichy.
Ananya Deshmukh,ananya.deshmukh@example.com,Business Analysis,"Business Analysis professional skilled in Data Modeling, Excel, Power BI. Passionate about driving results and solving challenges through innovation and teamwork.","Data Modeling, Excel, Power BI, Requirements Gathering, Tableau",Worked at Mahindra & Mahindra as a Business Analysis specialist focusing on data modeling and excel.,B.Tech in Business Analysis from Christ University.
Kavya Mehta,kavya.mehta@example.com,Business Analysis,"Business Analysis professional skilled in Tableau, Excel, SQL. Passionate about driving results and solving challenges through innovation and teamwork.","Tableau, Excel, SQL, Power BI, Data Modeling",Worked at Apollo Hospitals as a Business Analysis specialist focusing on tableau and excel.,B.Tech in Business Analysis from Mumbai University.
Ishita Chopra,ishita.chopra@example.com,Business Analysis,"Business Analysis professional skilled in Power BI, Requirements Gathering, Data Modeling. Passionate about driving results and solving challenges through innovation and teamwork.","Power BI, Requirements Gathering, Data Modeling, SQL, Excel",Worked at Tata Motors as a Business Analysis specialist focusing on power bi and requirements gathering.,B.Tech in Business Analysis from Anna University.
Nisha Das,nisha.das@example.com,Business Analysis,"Business Analysis professional skilled in Tableau, SQL, Requirements Gathering. Passionate about driving results and solving challenges through innovation and teamwork.","Tableau, SQL, Requirements Gathering, Power BI, Data Modeling",Worked at Flipkart as a Business Analysis specialist focusing on tableau and sql.,B.Tech in Business Analysis from Anna University.
Vikram Kapoor,vikram.kapoor@example.com,Finance,"Finance professional skilled in Accounting, Financial Modeling, Valuation. Passionate about driving results and solving challenges through innovation and teamwork.","Accounting, Financial Modeling, Valuation, Investment Analysis, Excel",Worked at Microsoft India as a Finance specialist focusing on accounting and financial modeling.,B.Tech in Finance from NIT Trichy.
Devika Nair,devika.nair@example.com,Finance,"Finance professional skilled in Risk Management, Valuation, Accounting. Passionate about driving results and solving challenges through innovation and teamwork.","Risk Management, Valuation, Accounting, Excel, Investment Analysis",Worked at Wipro as a Finance specialist focusing on risk management and valuation.,B.Tech in Finance from IIT Delhi.
Kunal Patel,kunal.patel@example.com,Finance,"Finance professional skilled in Accounting, Valuation, Investment Analysis. Passionate about driving results and solving challenges through innovation and teamwork.","Accounting, Valuation, Investment Analysis, Financial Modeling, Risk Management",Worked at HCL Technologies as a Finance specialist focusing on accounting and valuation.,B.Tech in Finance from Amity University.
Ritika Deshmukh,ritika.deshmukh@example.com,Finance,"Finance professional skilled in Financial Modeling, Valuation, Investment Analysis. Passionate about driving results and solving challenges through innovation and teamwork.","Financial Modeling, Valuation, Investment Analysis, Excel, Accounting",Worked at Google India as a Finance specialist focusing on financial modeling and valuation.,B.Tech in Finance from Pune University.
Meera Menon,meera.menon@example.com,Finance,"Finance professional skilled in Excel, Risk Management, Accounting. Passionate about driving results and solving challenges through innovation and teamwork.","Excel, Risk Management, Accounting, Investment Analysis, Valuation",Worked at Tata Motors as a Finance specialist focusing on excel and risk management.,B.Tech in Finance from Symbiosis Pune.
Rohan Patel,rohan.patel@example.com,Finance,"Finance professional skilled in Excel, Risk Management, Valuation. Passionate about driving results and solving challenges through innovation and teamwork.","Excel, Risk Management, Valuation, Investment Analysis, Financial Modeling",Worked at Reliance Industries as a Finance specialist focusing on excel and risk management.,B.Tech in Finance from VIT Vellore.
Rahul Reddy,rahul.reddy@example.com,Finance,"Finance professional skilled in Accounting, Investment Analysis, Financial Modeling. Passionate about driving results and solving challenges through innovation and teamwork.","Accounting, Investment Analysis, Financial Modeling, Excel, Valuation",Worked at Amazon India as a Finance specialist focusing on accounting and investment analysis.,B.Tech in Finance from IIT Madras.
Vikram Pillai,vikram.pillai@example.com,Finance,"Finance professional skilled in Financial Modeling, Excel, Accounting. Passionate about driving results and solving challenges through innovation and teamwork.","Financial Modeling, Excel, Accounting, Valuation, Risk Management",Worked at Wipro as a Finance specialist focusing on financial modeling and excel.,B.Tech in Finance from BITS Pilani.
Ritika Bhatia,ritika.bhatia@example.com,Finance,"Finance professional skilled in Investment Analysis, Excel, Financial Modeling. Passionate about driving results and solving challenges through innovation and teamwork.","Investment Analysis, Excel, Financial Modeling, Accounting, Risk Management",Worked at Reliance Industries as a Finance specialist focusing on investment analysis and excel.,B.Tech in Finance from Christ University.
Nisha Reddy,nisha.reddy@example.com,Finance,"Finance professional skilled in Investment Analysis, Accounting, Valuation. Passionate about driving results and solving challenges through innovation and teamwork.","Investment Analysis, Accounting, Valuation, Risk Management, Financial Modeling",Worked at Mahindra & Mahindra as a Finance specialist focusing on investment analysis and accounting.,B.Tech in Finance from SRM University.
Aditya Verma,aditya.verma@example.com,Human Resources,"Human Resources professional skilled in Payroll, Employee Engagement, HR Analytics. Passionate about driving results and solving challenges through innovation and teamwork.","Payroll, Employee Engagement, HR Analytics, Recruitment, Training",Worked at HCL Technologies as a Human Resources specialist focusing on payroll and employee engagement.,B.Tech in Human Resources from IIT Bombay.
Meera Bose,meera.bose@example.com,Human Resources,"Human Resources professional skilled in Payroll, HR Analytics, Compliance. Passionate about driving results and solving challenges through innovation and teamwork.","Payroll, HR Analytics, Compliance, Recruitment, Training",Worked at Adani Group as a Human Resources specialist focusing on payroll and hr analytics.,B.Tech in Human Resources from Manipal University.
Aditya Iyer,aditya.iyer@example.com,Human Resources,"Human Resources professional skilled in Training, Employee Engagement, Payroll. Passionate about driving results and solving challenges through innovation and teamwork.","Training, Employee Engagement, Payroll, Compliance, Recruitment",Worked at HCL Technologies as a Human Resources specialist focusing on training and employee engagement.,B.Tech in Human Resources from Manipal University.
Aakash Rao,aakash.rao@example.com,Human Resources,"Human Resources professional skilled in Recruitment, Employee Engagement, Compliance. Passionate about driving results and solving challenges through innovation and teamwork.","Recruitment, Employee Engagement, Compliance, Payroll, HR Analytics",Worked at Tata Motors as a Human Resources specialist focusing on recruitment and employee engagement.,B.Tech in Human Resources from Mumbai University.
Ishita Mehta,ishita.mehta@example.com,Human Resources,"Human Resources professional skilled in Recruitment, Training, Compliance. Passionate about driving results and solving challenges through innovation and teamwork.","Recruitment, Training, Compliance, HR Analytics, Payroll",Worked at Microsoft India as a Human Resources specialist focusing on recruitment and training.,B.Tech in Human Resources from IIT Bombay.
Manav Bhatia,manav.bhatia@example.com,Human Resources,"Human Resources professional skilled in Payroll, HR Analytics, Recruitment. Passionate about driving results and solving challenges through innovation and teamwork.","Payroll, HR Analytics, Recruitment, Training, Employee Engagement",Worked at ICICI Bank as a Human Resources specialist focusing on payroll and hr analytics.,B.Tech in Human Resources from VIT Vellore.
Neha Gupta,neha.gupta@example.com,Human Resources,"Human Resources professional skilled in Training, Employee Engagement, Payroll. Passionate about driving results and solving challenges through innovation and teamwork.","Training, Employee Engagement, Payroll, Recruitment, Compliance",Worked at Reliance Industries as a Human Resources specialist focusing on training and employee engagement.,B.Tech in Human Resources from Delhi University.
Ishita Das,ishita.das@example.com,Human Resources,"Human Resources professional skilled in HR Analytics, Payroll, Training. Passionate about driving results and solving challenges through innovation and teamwork.","HR Analytics, Payroll, Training, Recruitment, Compliance",Worked at Infosys as a Human Resources specialist focusing on hr analytics and payroll.,B.Tech in Human Resources from IIT Madras.
Sneha Nair,sneha.nair@example.com,Human Resources,"Human Resources professional skilled in Training, Payroll, Recruitment. Passionate about driving results and solving challenges through innovation and teamwork.","Training, Payroll, Recruitment, HR Analytics, Compliance",Worked at Apollo Hospitals as a Human Resources specialist focusing on training and payroll.,B.Tech in Human Resources from Mumbai University.
Meera Iyer,meera.iyer@example.com,Human Resources,"Human Resources professional skilled in Training, Payroll, Compliance. Passionate about driving results and solving challenges through innovation and teamwork.","Training, Payroll, Compliance, HR Analytics, Recruitment",Worked at Google India as a Human Resources specialist focusing on training and payroll.,B.Tech in Human Resources from Amity University.
Nisha Rao,nisha.rao@example.com,Healthcare,"Healthcare professional skilled in Diagnostics, Pharmacology, Clinical Research. Passionate about driving results and solving challenges through innovation and teamwork.","Diagnostics, Pharmacology, Clinical Research, Patient Care, Medical Terminology",Worked at Microsoft India as a Healthcare specialist focusing on diagnostics and pharmacology.,B.Tech in Healthcare from IIT Madras.
Amit Menon,amit.menon@example.com,Healthcare,"Healthcare professional skilled in Patient Care, Diagnostics, Medical Terminology. Passionate about driving results and solving challenges through innovation and teamwork.","Patient Care, Diagnostics, Medical Terminology, Pharmacology, Clinical Research",Worked at Infosys as a Healthcare specialist focusing on patient care and diagnostics.,B.Tech in Healthcare from VIT Vellore.
Arjun Menon,arjun.menon@example.com,Healthcare,"Healthcare professional skilled in Diagnostics, Clinical Research, Patient Care. Passionate about driving results and solving challenges through innovation and teamwork.","Diagnostics, Clinical Research, Patient Care, Medical Terminology, Pharmacology",Worked at Asian Paints as a Healthcare specialist focusing on diagnostics and clinical research.,B.Tech in Healthcare from Mumbai University.
Kavya Chopra,kavya.chopra@example.com,Healthcare,"Healthcare professional skilled in Patient Care, Diagnostics, Pharmacology. Passionate about driving results and solving challenges through innovation and teamwork.","Patient Care, Diagnostics, Pharmacology, Clinical Research, Medical Terminology",Worked at Infosys as a Healthcare specialist focusing on patient care and diagnostics.,B.Tech in Healthcare from Symbiosis Pune.
Priya Menon,priya.menon@example.com,Healthcare,"Healthcare professional skilled in Pharmacology, Patient Care, Medical Terminology. Passionate about driving results and solving challenges through innovation and teamwork.","Pharmacology, Patient Care, Medical Terminology, Clinical Research, Diagnostics",Worked at Apollo Hospitals as a Healthcare specialist focusing on pharmacology and patient care.,B.Tech in Healthcare from Amity University.
Aakash Kapoor,aakash.kapoor@example.com,Healthcare,"Healthcare professional skilled in Pharmacology, Diagnostics, Patient Care. Passionate about driving results and solving challenges through innovation and teamwork.","Pharmacology, Diagnostics, Patient Care, Clinical Research, Medical Terminology",Worked at ICICI Bank as a Healthcare specialist focusing on pharmacology and diagnostics.,B.Tech in Healthcare from NIT Trichy.
Meera Gupta,meera.gupta@example.com,Healthcare,"Healthcare professional skilled in Diagnostics, Medical Terminology, Patient Care. Passionate about driving results and solving challenges through innovation and teamwork.","Diagnostics, Medical Terminology, Patient Care, Clinical Research, Pharmacology",Worked at Microsoft India as a Healthcare specialist focusing on diagnostics and medical terminology.,B.Tech in Healthcare from IIT Bombay.
Ananya Das,ananya.das@example.com,Healthcare,"Healthcare professional skilled in Medical Terminology, Diagnostics, Pharmacology. Passionate about driving results and solving challenges through innovation and teamwork.","Medical Terminology, Diagnostics, Pharmacology, Clinical Research, Patient Care",Worked at Larsen & Toubro as a Healthcare specialist focusing on medical terminology and diagnostics.,B.Tech in Healthcare from Symbiosis Pune.
Priya Bhatia,priya.bhatia@example.com,Healthcare,"Healthcare professional skilled in Medical Terminology, Clinical Research, Patient Care. Passionate about driving results and solving challenges through innovation and teamwork.","Medical Terminology, Clinical Research, Patient Care, Pharmacology, Diagnostics",Worked at Flipkart as a Healthcare specialist focusing on medical terminology and clinical research.,B.Tech in Healthcare from NIT Trichy.
Neha Reddy,neha.reddy@example.com,Healthcare,"Healthcare professional skilled in Medical Terminology, Patient Care, Diagnostics. Passionate about driving results and solving challenges through innovation and teamwork.","Medical Terminology, Patient Care, Diagnostics, Pharmacology, Clinical Research",Worked at Bosch India as a Healthcare specialist focusing on medical terminology and patient care.,B.Tech in Healthcare from IIT Delhi.
Ishita Joshi,ishita.joshi@example.com,Law,"Law professional skilled in Litigation, Contract Drafting, Legal Research. Passionate about driving results and solving challenges through innovation and teamwork.","Litigation, Contract Drafting, Legal Research, Corporate Law, Negotiation",Worked at Google India as a Law specialist focusing on litigation and contract drafting.,B.Tech in Law from NIT Trichy.
Aditya Bhatia,aditya.bhatia@example.com,Law,"Law professional skilled in Contract Drafting, Corporate Law, Legal Research. Passionate about driving results and solving challenges through innovation and teamwork.","Contract Drafting, Corporate Law, Legal Research, Negotiation, Litigation",Worked at Wipro as a Law specialist focusing on contract drafting and corporate law.,B.Tech in Law from Amity University.
Siddharth Singh,siddharth.singh@example.com,Law,"Law professional skilled in Litigation, Corporate Law, Negotiation. Passionate about driving results and solving challenges through innovation and teamwork.","Litigation, Corporate Law, Negotiation, Contract Drafting, Legal Research",Worked at Mahindra & Mahindra as a Law specialist focusing on litigation and corporate law.,B.Tech in Law from SRM University.
Ananya Iyer,ananya.iyer@example.com,Law,"Law professional skilled in Corporate Law, Litigation, Negotiation. Passionate about driving results and solving challenges through innovation and teamwork.","Corporate Law, Litigation, Negotiation, Contract Drafting, Legal Research",Worked at Infosys as a Law specialist focusing on corporate law and litigation.,B.Tech in Law from Delhi University.
Manav Nair,manav.nair@example.com,Law,"Law professional skilled in Negotiation, Corporate Law, Contract Drafting. Passionate about driving results and solving challenges through innovation and teamwork.","Negotiation, Corporate Law, Contract Drafting, Litigation, Legal Research",Worked at Tata Motors as a Law specialist focusing on negotiation and corporate law.,B.Tech in Law from IIT Bombay.
Manav Kapoor,manav.kapoor@example.com,Law,"Law professional skilled in Contract Drafting, Corporate Law, Negotiation. Passionate about driving results and solving challenges through innovation and teamwork.","Contract Drafting, Corporate Law, Negotiation, Litigation, Legal Research",Worked at TCS as a Law specialist focusing on contract drafting and corporate law.,B.Tech in Law from IIT Madras.
Ananya Joshi,ananya.joshi@example.com,Law,"Law professional skilled in Legal Research, Corporate Law, Litigation. Passionate about driving results and solving challenges through innovation and teamwork.","Legal Research, Corporate Law, Litigation, Negotiation, Contract Drafting",Worked at Adani Group as a Law specialist focusing on legal research and corporate law.,B.Tech in Law from Symbiosis Pune.
Ananya Deshmukh,ananya.deshmukh@example.com,Law,"Law professional skilled in Contract Drafting, Corporate Law, Legal Research. Passionate about driving results and solving challenges through innovation and teamwork.","Contract Drafting, Corporate Law, Legal Research, Litigation, Negotiation",Worked at Ola Cabs as a Law specialist focusing on contract drafting and corporate law.,B.Tech in Law from IIT Bombay.
Kavya Kapoor,kavya.kapoor@example.com,Law,"Law professional skilled in Negotiation, Contract Drafting, Corporate Law. Passionate about driving results and solving challenges through innovation and teamwork.","Negotiation, Contract Drafting, Corporate Law, Litigation, Legal Research",Worked at Reliance Industries as a Law specialist focusing on negotiation and contract drafting.,B.Tech in Law from SRM University.
Ishita Mehta,ishita.mehta@example.com,Law,"Law professional skilled in Negotiation, Corporate Law, Legal Research. Passionate about driving results and solving challenges through innovation and teamwork.","Negotiation, Corporate Law, Legal Research, Litigation, Contract Drafting",Worked at Microsoft India as a Law specialist focusing on negotiation and corporate law.,B.Tech in Law from Mumbai University.
Devika Bose,devika.bose@example.com,Architecture,"Architecture professional skilled in 3D Modeling, AutoCAD, Urban Planning. Passionate about driving results and solving challenges through innovation and teamwork.","3D Modeling, AutoCAD, Urban Planning, Revit, Structural Design",Worked at Microsoft India as a Architecture specialist focusing on 3d modeling and autocad.,B.Tech in Architecture from Pune University.
Kavya Kapoor,kavya.kapoor@example.com,Architecture,"Architecture professional skilled in Revit, AutoCAD, Structural Design. Passionate about driving results and solving challenges through innovation and teamwork.","Revit, AutoCAD, Structural Design, Urban Planning, 3D Modeling",Worked at Tech Mahindra as a Architecture specialist focusing on revit and autocad.,B.Tech in Architecture from Symbiosis Pune.
Aditya Verma,aditya.verma@example.com,Architecture,"Architecture professional skilled in Structural Design, 3D Modeling, Revit. Passionate about driving results and solving challenges through innovation and teamwork.","Structural Design, 3D Modeling, Revit, Urban Planning, AutoCAD",Worked at ICICI Bank as a Architecture specialist focusing on structural design and 3d modeling.,B.Tech in Architecture from Pune University.
Sneha Chopra,sneha.chopra@example.com,Architecture,"Architecture professional skilled in Revit, 3D Modeling, Urban Planning. Passionate about driving results and solving challenges through innovation and teamwork.","Revit, 3D Modeling, Urban Planning, Structural Design, AutoCAD",Worked at Adani Group as a Architecture specialist focusing on revit and 3d modeling.,B.Tech in Architecture from VIT Vellore.
Aakash Joshi,aakash.joshi@example.com,Architecture,"Architecture professional skilled in Structural Design, Revit, Urban Planning. Passionate about driving results and solving challenges through innovation and teamwork.","Structural Design, Revit, Urban Planning, AutoCAD, 3D Modeling",Worked at Asian Paints as a Architecture specialist focusing on structural design and revit.,B.Tech in Architecture from Anna University.
Neha Reddy,neha.reddy@example.com,Architecture,"Architecture professional skilled in 3D Modeling, AutoCAD, Revit. Passionate about driving results and solving challenges through innovation and teamwork.","3D Modeling, AutoCAD, Revit, Urban Planning, Structural Design",Worked at Mahindra & Mahindra as a Architecture specialist focusing on 3d modeling and autocad.,B.Tech in Architecture from BITS Pilani.
Sneha Iyer,sneha.iyer@example.com,Architecture,"Architecture professional skilled in AutoCAD, Urban Planning, Structural Design. Passionate about driving results and solving challenges through innovation and teamwork.","AutoCAD, Urban Planning, Structural Design, Revit, 3D Modeling",Worked at Larsen & Toubro as a Architecture specialist focusing on autocad and urban planning.,B.Tech in Architecture from SRM University.
Nisha Joshi,nisha.joshi@example.com,Architecture,"Architecture professional skilled in Structural Design, 3D Modeling, Urban Planning. Passionate about driving results and solving challenges through innovation and teamwork.","Structural Design, 3D Modeling, Urban Planning, Revit, AutoCAD",Worked at Flipkart as a Architecture specialist focusing on structural design and 3d modeling.,B.Tech in Architecture from VIT Vellore.
Kunal Verma,kunal.verma@example.com,Architecture,"Architecture professional skilled in Urban Planning, AutoCAD, Structural Design. Passionate about driving results and solving challenges through innovation and teamwork.","Urban Planning, AutoCAD, Structural Design, Revit, 3D Modeling",Worked at Adani Group as a Architecture specialist focusing on urban planning and autocad.,B.Tech in Architecture from Amity University.
Aakash Bose,aakash.bose@example.com,Architecture,"Architecture professional skilled in Revit, 3D Modeling, AutoCAD. Passionate about driving results and solving challenges through innovation and teamwork.","Revit, 3D Modeling, AutoCAD, Structural Design, Urban Planning",Worked at Ola Cabs as a Architecture specialist focusing on revit and 3d modeling.,B.Tech in Architecture from VIT Vellore.
Ananya Gupta,ananya.gupta@example.com,Mechanical Engineering,"Mechanical Engineering professional skilled in SolidWorks, Manufacturing, Thermodynamics. Passionate about driving results and solving challenges through innovation and teamwork.","SolidWorks, Manufacturing, Thermodynamics, Robotics, AutoCAD",Worked at Ola Cabs as a Mechanical Engineering specialist focusing on solidworks and manufacturing.,B.Tech in Mechanical Engineering from IIT Bombay.
Ishita Deshmukh,ishita.deshmukh@example.com,Mechanical Engineering,"Mechanical Engineering professional skilled in Robotics, Manufacturing, Thermodynamics. Passionate about driving results and solving challenges through innovation and teamwork.","Robotics, Manufacturing, Thermodynamics, AutoCAD, SolidWorks",Worked at HDFC Bank as a Mechanical Engineering specialist focusing on robotics and manufacturing.,B.Tech in Mechanical Engineering from Pune University.
Kunal Gupta,kunal.gupta@example.com,Mechanical Engineering,"Mechanical Engineering professional skilled in Manufacturing, Thermodynamics, AutoCAD. Passionate about driving results and solving challenges through innovation and teamwork.","Manufacturing, Thermodynamics, AutoCAD, SolidWorks, Robotics",Worked at Google India as a Mechanical Engineering specialist focusing on manufacturing and thermodynamics.,B.Tech in Mechanical Engineering from Christ University.
Sneha Mehta,sneha.mehta@example.com,Mechanical Engineering,"Mechanical Engineering professional skilled in Manufacturing, Robotics, SolidWorks. Passionate about driving results and solving challenges through innovation and teamwork.","Manufacturing, Robotics, SolidWorks, Thermodynamics, AutoCAD",Worked at Google India as a Mechanical Engineering specialist focusing on manufacturing and robotics.,B.Tech in Mechanical Engineering from IIT Bombay.
Priya Reddy,priya.reddy@example.com,Mechanical Engineering,"Mechanical Engineering professional skilled in Robotics, Thermodynamics, Manufacturing. Passionate about driving results and solving challenges through innovation and teamwork.","Robotics, Thermodynamics, Manufacturing, SolidWorks, AutoCAD",Worked at Larsen & Toubro as a Mechanical Engineering specialist focusing on robotics and thermodynamics.,B.Tech in Mechanical Engineering from IIT Madras.
Meera Menon,meera.menon@example.com,Mechanical Engineering,"Mechanical Engineering professional skilled in Robotics, SolidWorks, AutoCAD. Passionate about driving results and solving challenges through innovation and teamwork.","Robotics, SolidWorks, AutoCAD, Manufacturing, Thermodynamics",Worked at Larsen & Toubro as a Mechanical Engineering specialist focusing on robotics and solidworks.,B.Tech in Mechanical Engineering from Anna University.
Rohan Mehta,rohan.mehta@example.com,Mechanical Engineering,"Mechanical Engineering professional skilled in SolidWorks, Thermodynamics, Robotics. Passionate about driving results and solving challenges through innovation and teamwork.","SolidWorks, Thermodynamics, Robotics, Manufacturing, AutoCAD",Worked at Asian Paints as a Mechanical Engineering specialist focusing on solidworks and thermodynamics.,B.Tech in Mechanical Engineering from SRM University.
Meera Pillai,meera.pillai@example.com,Mechanical Engineering,"Mechanical Engineering professional skilled in Robotics, Manufacturing, AutoCAD. Passionate about driving results and solving challenges through innovation and teamwork.","Robotics, Manufacturing, AutoCAD, Thermodynamics, SolidWorks",Worked at ICICI Bank as a Mechanical Engineering specialist focusing on robotics and manufacturing.,B.Tech in Mechanical Engineering from SRM University.
Aditya Bose,aditya.bose@example.com,Mechanical Engineering,"Mechanical Engineering professional skilled in Thermodynamics, AutoCAD, SolidWorks. Passionate about driving results and solving challenges through innovation and teamwork.","Thermodynamics, AutoCAD, SolidWorks, Robotics, Manufacturing",Worked at ICICI Bank as a Mechanical Engineering specialist focusing on thermodynamics and autocad.,B.Tech in Mechanical Engineering from BITS Pilani.
Nisha Gupta,nisha.gupta@example.com,Mechanical Engineering,"Mechanical Engineering professional skilled in Thermodynamics, AutoCAD, Manufacturing. Passionate about driving results and solving challenges through innovation and teamwork.","Thermodynamics, AutoCAD, Manufacturing, Robotics, SolidWorks",Worked at Adani Group as a Mechanical Engineering specialist focusing on thermodynamics and autocad.,B.Tech in Mechanical Engineering from Delhi University.
Aditya Iyer,aditya.iyer@example.com,Electrical Engineering,"Electrical Engineering professional skilled in MATLAB, Signal Processing, Embedded Systems. Passionate about driving results and solving challenges through innovation and teamwork.","MATLAB, Signal Processing, Embedded Systems, Circuit Design, VLSI",Worked at HCL Technologies as a Electrical Engineering specialist focusing on matlab and signal processing.,B.Tech in Electrical Engineering from IIT Bombay.
Rahul Bose,rahul.bose@example.com,Electrical Engineering,"Electrical Engineering professional skilled in Embedded Systems, Circuit Design, VLSI. Passionate about driving results and solving challenges through innovation and teamwork.","Embedded Systems, Circuit Design, VLSI, MATLAB, Signal Processing",Worked at HDFC Bank as a Electrical Engineering specialist focusing on embedded systems and circuit design.,B.Tech in Electrical Engineering from Pune University.
Manav Menon,manav.menon@example.com,Electrical Engineering,"Electrical Engineering professional skilled in VLSI, MATLAB, Embedded Systems. Passionate about driving results and solving challenges through innovation and teamwork.","VLSI, MATLAB, Embedded Systems, Signal Processing, Circuit Design",Worked at Tata Motors as a Electrical Engineering specialist focusing on vlsi and matlab.,B.Tech in Electrical Engineering from IIT Madras.
Siddharth Mehta,siddharth.mehta@example.com,Electrical Engineering,"Electrical Engineering professional skilled in Circuit Design, VLSI, MATLAB. Passionate about driving results and solving challenges through innovation and teamwork.","Circuit Design, VLSI, MATLAB, Signal Processing, Embedded Systems",Worked at Flipkart as a Electrical Engineering specialist focusing on circuit design and vlsi.,B.Tech in Electrical Engineering from Amity University.
Ananya Rao,ananya.rao@example.com,Electrical Engineering,"Electrical Engineering professional skilled in Circuit Design, Embedded Systems, Signal Processing. Passionate about driving results and solving challenges through innovation and teamwork.","Circuit Design, Embedded Systems, Signal Processing, MATLAB, VLSI",Worked at Tata Motors as a Electrical Engineering specialist focusing on circuit design and embedded systems.,B.Tech in Electrical Engineering from IIT Bombay.
Aakash Malhotra,aakash.malhotra@example.com,Electrical Engineering,"Electrical Engineering professional skilled in Embedded Systems, MATLAB, VLSI. Passionate about driving results and solving challenges through innovation and teamwork.","Embedded Systems, MATLAB, VLSI, Signal Processing, Circuit Design",Worked at Ola Cabs as a Electrical Engineering specialist focusing on embedded systems and matlab.,B.Tech in Electrical Engineering from Symbiosis Pune.
Vikram Joshi,vikram.joshi@example.com,Electrical Engineering,"Electrical Engineering professional skilled in VLSI, MATLAB, Circuit Design. Passionate about driving results and solving challenges through innovation and teamwork.","VLSI, MATLAB, Circuit Design, Embedded Systems, Signal Processing",Worked at HDFC Bank as a Electrical Engineering specialist focusing on vlsi and matlab.,B.Tech in Electrical Engineering from Manipal University.
Kunal Sharma,kunal.sharma@example.com,Electrical Engineering,"Electrical Engineering professional skilled in Signal Processing, Circuit Design, Embedded Systems. Passionate about driving results and solving challenges through innovation and teamwork.","Signal Processing, Circuit Design, Embedded Systems, VLSI, MATLAB",Worked at Apollo Hospitals as a Electrical Engineering specialist focusing on signal processing and circuit design.,B.Tech in Electrical Engineering from IIT Delhi.
Neha Mehta,neha.mehta@example.com,Electrical Engineering,"Electrical Engineering professional skilled in VLSI, Circuit Design, Embedded Systems. Passionate about driving results and solving challenges through innovation and teamwork.","VLSI, Circuit Design, Embedded Systems, MATLAB, Signal Processing",Worked at Wipro as a Electrical Engineering specialist focusing on vlsi and circuit design.,B.Tech in Electrical Engineering from Amity University.
Siddharth Mehta,siddharth.mehta@example.com,Electrical Engineering,"Electrical Engineering professional skilled in Embedded Systems, Signal Processing, VLSI. Passionate about driving results and solving challenges through innovation and teamwork.","Embedded Systems, Signal Processing, VLSI, MATLAB, Circuit Design",Worked at Infosys as a Electrical Engineering specialist focusing on embedded systems and signal processing.,B.Tech in Electrical Engineering from IIT Madras.
Kunal Pillai,kunal.pillai@example.com,Education,"Education professional skilled in Pedagogy, Assessment, Classroom Management. Passionate about driving results and solving challenges through innovation and teamwork.","Pedagogy, Assessment, Classroom Management, Curriculum Design, E-Learning",Worked at Google India as a Education specialist focusing on pedagogy and assessment.,B.Tech in Education from Symbiosis Pune.
Ishita Menon,ishita.menon@example.com,Education,"Education professional skilled in Pedagogy, Curriculum Design, Classroom Management. Passionate about driving results and solving challenges through innovation and teamwork.","Pedagogy, Curriculum Design, Classroom Management, E-Learning, Assessment",Worked at Tech Mahindra as a Education specialist focusing on pedagogy and curriculum design.,B.Tech in Education from BITS Pilani.
Nisha Nair,nisha.nair@example.com,Education,"Education professional skilled in Curriculum Design, Assessment, Pedagogy. Passionate about driving results and solving challenges through innovation and teamwork.","Curriculum Design, Assessment, Pedagogy, E-Learning, Classroom Management",Worked at Adani Group as a Education specialist focusing on curriculum design and assessment.,B.Tech in Education from NIT Trichy.
Vikram Malhotra,vikram.malhotra@example.com,Education,"Education professional skilled in Pedagogy, Classroom Management, Curriculum Design. Passionate about driving results and solving challenges through innovation and teamwork.","Pedagogy, Classroom Management, Curriculum Design, E-Learning, Assessment",Worked at Flipkart as a Education specialist focusing on pedagogy and classroom management.,B.Tech in Education from Mumbai University.
Neha Deshmukh,neha.deshmukh@example.com,Education,"Education professional skilled in Pedagogy, Classroom Management, Curriculum Design. Passionate about driving results and solving challenges through innovation and teamwork.","Pedagogy, Classroom Management, Curriculum Design, Assessment, E-Learning",Worked at Asian Paints as a Education specialist focusing on pedagogy and classroom management.,B.Tech in Education from VIT Vellore.
Rahul Chopra,rahul.chopra@example.com,Education,"Education professional skilled in Curriculum Design, Assessment, Pedagogy. Passionate about driving results and solving challenges through innovation and teamwork.","Curriculum Design, Assessment, Pedagogy, E-Learning, Classroom Management",Worked at Larsen & Toubro as a Education specialist focusing on curriculum design and assessment.,B.Tech in Education from Symbiosis Pune.
Rohan Bose,rohan.bose@example.com,Education,"Education professional skilled in Curriculum Design, Assessment, E-Learning. Passionate about driving results and solving challenges through innovation and teamwork.","Curriculum Design, Assessment, E-Learning, Pedagogy, Classroom Management",Worked at TCS as a Education specialist focusing on curriculum design and assessment.,B.Tech in Education from NIT Trichy.
Amit Pillai,amit.pillai@example.com,Education,"Education professional skilled in E-Learning, Assessment, Classroom Management. Passionate about driving results and solving challenges through innovation and teamwork.","E-Learning, Assessment, Classroom Management, Pedagogy, Curriculum Design",Worked at Infosys as a Education specialist focusing on e-learning and assessment.,B.Tech in Education from IIT Madras.
Arjun Gupta,arjun.gupta@example.com,Education,"Education professional skilled in Pedagogy, Classroom Management, Curriculum Design. Passionate about driving results and solving challenges through innovation and teamwork.","Pedagogy, Classroom Management, Curriculum Design, Assessment, E-Learning",Worked at Amazon India as a Education specialist focusing on pedagogy and classroom management.,B.Tech in Education from Manipal University.
Kunal Mehta,kunal.mehta@example.com,Education,"Education professional skilled in E-Learning, Pedagogy, Assessment. Passionate about driving results and solving challenges through innovation and teamwork.","E-Learning, Pedagogy, Assessment, Classroom Management, Curriculum Design",Worked at Google India as a Education specialist focusing on e-learning and pedagogy.,B.Tech in Education from Pune University.
Rohan Singh,rohan.singh@example.com,Journalism,"Journalism professional skilled in Interviewing, Editing, Broadcast Media. Passionate about driving results and solving challenges through innovation and teamwork.","Interviewing, Editing, Broadcast Media, Writing, Content Creation",Worked at TCS as a Journalism specialist focusing on interviewing and editing.,B.Tech in Journalism from IIT Bombay.
Vikram Sharma,vikram.sharma@example.com,Journalism,"Journalism professional skilled in Interviewing, Editing, Writing. Passionate about driving results and solving challenges through innovation and teamwork.","Interviewing, Editing, Writing, Content Creation, Broadcast Media",Worked at Bosch India as a Journalism specialist focusing on interviewing and editing.,B.Tech in Journalism from IIT Delhi.
Arjun Deshmukh,arjun.deshmukh@example.com,Journalism,"Journalism professional skilled in Interviewing, Broadcast Media, Content Creation. Passionate about driving results and solving challenges through innovation and teamwork.","Interviewing, Broadcast Media, Content Creation, Writing, Editing",Worked at Infosys as a Journalism specialist focusing on interviewing and broadcast media.,B.Tech in Journalism from Amity University.
Kunal Pillai,kunal.pillai@example.com,Journalism,"Journalism professional skilled in Content Creation, Broadcast Media, Interviewing. Passionate about driving results and solving challenges through innovation and teamwork.","Content Creation, Broadcast Media, Interviewing, Writing, Editing",Worked at Google India as a Journalism specialist focusing on content creation and broadcast media.,B.Tech in Journalism from Mumbai University.
Priya Bhatia,priya.bhatia@example.com,Journalism,"Journalism professional skilled in Interviewing, Broadcast Media, Editing. Passionate about driving results and solving challenges through innovation and teamwork.","Interviewing, Broadcast Media, Editing, Content Creation, Writing",Worked at Mahindra & Mahindra as a Journalism specialist focusing on interviewing and broadcast media.,B.Tech in Journalism from Christ University.
Rohan Iyer,rohan.iyer@example.com,Journalism,"Journalism professional skilled in Editing, Interviewing, Broadcast Media. Passionate about driving results and solving challenges through innovation and teamwork.","Editing, Interviewing, Broadcast Media, Content Creation, Writing",Worked at TCS as a Journalism specialist focusing on editing and interviewing.,B.Tech in Journalism from SRM University.
Ishita Patel,ishita.patel@example.com,Journalism,"Journalism professional skilled in Broadcast Media, Editing, Writing. Passionate about driving results and solving challenges through innovation and teamwork.","Broadcast Media, Editing, Writing, Interviewing, Content Creation",Worked at Infosys as a Journalism specialist focusing on broadcast media and editing.,B.Tech in Journalism from IIT Madras.
Rahul Mehta,rahul.mehta@example.com,Journalism,"Journalism professional skilled in Interviewing, Writing, Editing. Passionate about driving results and solving challenges through innovation and teamwork.","Interviewing, Writing, Editing, Content Creation, Broadcast Media",Worked at Asian Paints as a Journalism specialist focusing on interviewing and writing.,B.Tech in Journalism from Symbiosis Pune.
Priya Joshi,priya.joshi@example.com,Journalism,"Journalism professional skilled in Writing, Interviewing, Content Creation. Passionate about driving results and solving challenges through innovation and teamwork.","Writing, Interviewing, Content Creation, Broadcast Media, Editing",Worked at Infosys as a Journalism specialist focusing on writing and interviewing.,B.Tech in Journalism from Pune University.
Rahul Kapoor,rahul.kapoor@example.com,Journalism,"Journalism professional skilled in Editing, Content Creation, Broadcast Media. Passionate about driving results and solving challenges through innovation and teamwork.","Editing, Content Creation, Broadcast Media, Interviewing, Writing",Worked at Microsoft India as a Journalism specialist focusing on editing and content creation.,B.Tech in Journalism from Amity University.
Priya Rao,priya.rao@example.com,Research,"Research professional skilled in SPSS, Survey Design, Academic Research. Passionate about driving results and solving challenges through innovation and teamwork.","SPSS, Survey Design, Academic Research, Data Analysis, Scientific Writing",Worked at Reliance Industries as a Research specialist focusing on spss and survey design.,B.Tech in Research from Christ University.
Ishita Mehta,ishita.mehta@example.com,Research,"Research professional skilled in Data Analysis, Survey Design, Scientific Writing. Passionate about driving results and solving challenges through innovation and teamwork.","Data Analysis, Survey Design, Scientific Writing, Academic Research, SPSS",Worked at Wipro as a Research specialist focusing on data analysis and survey design.,B.Tech in Research from IIT Madras.
Priya Malhotra,priya.malhotra@example.com,Research,"Research professional skilled in Data Analysis, Academic Research, SPSS. Passionate about driving results and solving challenges through innovation and teamwork.","Data Analysis, Academic Research, SPSS, Scientific Writing, Survey Design",Worked at Tech Mahindra as a Research specialist focusing on data analysis and academic research.,B.Tech in Research from VIT Vellore.
Manav Kapoor,manav.kapoor@example.com,Research,"Research professional skilled in Data Analysis, Scientific Writing, Survey Design. Passionate about driving results and solving challenges through innovation and teamwork.","Data Analysis, Scientific Writing, Survey Design, SPSS, Academic Research",Worked at Flipkart as a Research specialist focusing on data analysis and scientific writing.,B.Tech in Research from Delhi University.
Amit Singh,amit.singh@example.com,Research,"Research professional skilled in Data Analysis, Scientific Writing, SPSS. Passionate about driving results and solving challenges through innovation and teamwork.","Data Analysis, Scientific Writing, SPSS, Survey Design, Academic Research",Worked at HDFC Bank as a Research specialist focusing on data analysis and scientific writing.,B.Tech in Research from Christ University.
Siddharth Joshi,siddharth.joshi@example.com,Research,"Research professional skilled in Academic Research, Scientific Writing, Data Analysis. Passionate about driving results and solving challenges through innovation and teamwork.","Academic Research, Scientific Writing, Data Analysis, SPSS, Survey Design",Worked at Flipkart as a Research specialist focusing on academic research and scientific writing.,B.Tech in Research from Pune University.
Priya Rao,priya.rao@example.com,Research,"Research professional skilled in SPSS, Academic Research, Survey Design. Passionate about driving results and solving challenges through innovation and teamwork.","SPSS, Academic Research, Survey Design, Data Analysis, Scientific Writing",Worked at Flipkart as a Research specialist focusing on spss and academic research.,B.Tech in Research from Mumbai University.
Amit Singh,amit.singh@example.com,Research,"Research professional skilled in SPSS, Academic Research, Scientific Writing. Passionate about driving results and solving challenges through innovation and teamwork.","SPSS, Academic Research, Scientific Writing, Survey Design, Data Analysis",Worked at Ola Cabs as a Research specialist focusing on spss and academic research.,B.Tech in Research from Mumbai University.
Vikram Iyer,vikram.iyer@example.com,Research,"Research professional skilled in Survey Design, Scientific Writing, SPSS. Passionate about driving results and solving challenges through innovation and teamwork.","Survey Design, Scientific Writing, SPSS, Academic Research, Data Analysis",Worked at Adani Group as a Research specialist focusing on survey design and scientific writing.,B.Tech in Research from Anna University.
Kunal Pillai,kunal.pillai@example.com,Research,"Research professional skilled in SPSS, Data Analysis, Scientific Writing. Passionate about driving results and solving challenges through innovation and teamwork.","SPSS, Data Analysis, Scientific Writing, Academic Research, Survey Design",Worked at Tata Motors as a Research specialist focusing on spss and data analysis.,B.Tech in Research from VIT Vellore.
Meera Singh,meera.singh@example.com,Sales,"Sales professional skilled in Sales Strategy, Customer Relations, Negotiation. Passionate about driving results and solving challenges through innovation and teamwork.","Sales Strategy, Customer Relations, Negotiation, CRM, Lead Generation",Worked at TCS as a Sales specialist focusing on sales strategy and customer relations.,B.Tech in Sales from BITS Pilani.
Kavya Gupta,kavya.gupta@example.com,Sales,"Sales professional skilled in CRM, Customer Relations, Negotiation. Passionate about driving results and solving challenges through innovation and teamwork.","CRM, Customer Relations, Negotiation, Sales Strategy, Lead Generation",Worked at ICICI Bank as a Sales specialist focusing on crm and customer relations.,B.Tech in Sales from Delhi University.
Meera Bose,meera.bose@example.com,Sales,"Sales professional skilled in Lead Generation, CRM, Customer Relations. Passionate about driving results and solving challenges through innovation and teamwork.","Lead Generation, CRM, Customer Relations, Negotiation, Sales Strategy",Worked at Apollo Hospitals as a Sales specialist focusing on lead generation and crm.,B.Tech in Sales from Anna University.
Kunal Reddy,kunal.reddy@example.com,Sales,"Sales professional skilled in Negotiation, Customer Relations, CRM. Passionate about driving results and solving challenges through innovation and teamwork.","Negotiation, Customer Relations, CRM, Sales Strategy, Lead Generation",Worked at Ola Cabs as a Sales specialist focusing on negotiation and customer relations.,B.Tech in Sales from Delhi University.
Ritika Das,ritika.das@example.com,Sales,"Sales professional skilled in Customer Relations, CRM, Negotiation. Passionate about driving results and solving challenges through innovation and teamwork.","Customer Relations, CRM, Negotiation, Lead Generation, Sales Strategy",Worked at Amazon India as a Sales specialist focusing on customer relations and crm.,B.Tech in Sales from VIT Vellore.
Ishita Reddy,ishita.reddy@example.com,Sales,"Sales professional skilled in CRM, Lead Generation, Customer Relations. Passionate about driving results and solving challenges through innovation and teamwork.","CRM, Lead Generation, Customer Relations, Negotiation, Sales Strategy",Worked at ICICI Bank as a Sales specialist focusing on crm and lead generation.,B.Tech in Sales from SRM University.
Amit Das,amit.das@example.com,Sales,"Sales professional skilled in CRM, Sales Strategy, Negotiation. Passionate about driving results and solving challenges through innovation and teamwork.","CRM, Sales Strategy, Negotiation, Customer Relations, Lead Generation",Worked at Adani Group as a Sales specialist focusing on crm and sales strategy.,B.Tech in Sales from Mumbai University.
Ritika Malhotra,ritika.malhotra@example.com,Sales,"Sales professional skilled in Sales Strategy, Lead Generation, Customer Relations. Passionate about driving results and solving challenges through innovation and teamwork.","Sales Strategy, Lead Generation, Customer Relations, CRM, Negotiation",Worked at Asian Paints as a Sales specialist focusing on sales strategy and lead generation.,B.Tech in Sales from IIT Madras.
Manav Bose,manav.bose@example.com,Sales,"Sales professional skilled in Sales Strategy, Lead Generation, Customer Relations. Passionate about driving results and solving challenges through innovation and teamwork.","Sales Strategy, Lead Generation, Customer Relations, CRM, Negotiation",Worked at Bosch India as a Sales specialist focusing on sales strategy and lead generation.,B.Tech in Sales from Mumbai University.
Amit Iyer,amit.iyer@example.com,Sales,"Sales professional skilled in Customer Relations, CRM, Lead Generation. Passionate about driving results and solving challenges through innovation and teamwork.","Customer Relations, CRM, Lead Generation, Sales Strategy, Negotiation",Worked at Mahindra & Mahindra as a Sales specialist focusing on customer relations and crm.,B.Tech in Sales from BITS Pilani.
Nisha Kapoor,nisha.kapoor@example.com,Operations,"Operations professional skilled in Lean Management, Logistics, Supply Chain. Passionate about driving results and solving challenges through innovation and teamwork.","Lean Management, Logistics, Supply Chain, Inventory Management, Scheduling",Worked at Larsen & Toubro as a Operations specialist focusing on lean management and logistics.,B.Tech in Operations from Christ University.
Rahul Deshmukh,rahul.deshmukh@example.com,Operations,"Operations professional skilled in Supply Chain, Logistics, Lean Management. Passionate about driving results and solving challenges through innovation and teamwork.","Supply Chain, Logistics, Lean Management, Scheduling, Inventory Management",Worked at Mahindra & Mahindra as a Operations specialist focusing on supply chain and logistics.,B.Tech in Operations from Mumbai University.
Ritika Pillai,ritika.pillai@example.com,Operations,"Operations professional skilled in Logistics, Lean Management, Scheduling. Passionate about driving results and solving challenges through innovation and teamwork.","Logistics, Lean Management, Scheduling, Supply Chain, Inventory Management",Worked at Larsen & Toubro as a Operations specialist focusing on logistics and lean management.,B.Tech in Operations from Manipal University.
Nisha Das,nisha.das@example.com,Operations,"Operations professional skilled in Logistics, Inventory Management, Lean Management. Passionate about driving results and solving challenges through innovation and teamwork.","Logistics, Inventory Management, Lean Management, Scheduling, Supply Chain",Worked at Ola Cabs as a Operations specialist focusing on logistics and inventory management.,B.Tech in Operations from Mumbai University.
Amit Rao,amit.rao@example.com,Operations,"Operations professional skilled in Supply Chain, Scheduling, Logistics. Passionate about driving results and solving challenges through innovation and teamwork.","Supply Chain, Scheduling, Logistics, Lean Management, Inventory Management",Worked at ICICI Bank as a Operations specialist focusing on supply chain and scheduling.,B.Tech in Operations from Pune University.
Aakash Verma,aakash.verma@example.com,Operations,"Operations professional skilled in Scheduling, Lean Management, Logistics. Passionate about driving results and solving challenges through innovation and teamwork.","Scheduling, Lean Management, Logistics, Inventory Management, Supply Chain",Worked at Tech Mahindra as a Operations specialist focusing on scheduling and lean management.,B.Tech in Operations from Christ University.
Devika Iyer,devika.iyer@example.com,Operations,"Operations professional skilled in Scheduling, Supply Chain, Inventory Management. Passionate about driving results and solving challenges through innovation and teamwork.","Scheduling, Supply Chain, Inventory Management, Logistics, Lean Management",Worked at ICICI Bank as a Operations specialist focusing on scheduling and supply chain.,B.Tech in Operations from IIT Bombay.
Kunal Deshmukh,kunal.deshmukh@example.com,Operations,"Operations professional skilled in Logistics, Scheduling, Lean Management. Passionate about driving results and solving challenges through innovation and teamwork.","Logistics, Scheduling, Lean Management, Inventory Management, Supply Chain",Worked at Tata Motors as a Operations specialist focusing on logistics and scheduling.,B.Tech in Operations from SRM University.
Aditya Joshi,aditya.joshi@example.com,Operations,"Operations professional skilled in Inventory Management, Lean Management, Supply Chain. Passionate about driving results and solving challenges through innovation and teamwork.","Inventory Management, Lean Management, Supply Chain, Logistics, Scheduling",Worked at Tech Mahindra as a Operations specialist focusing on inventory management and lean management.,B.Tech in Operations from Pune University.
Aditya Pillai,aditya.pillai@example.com,Operations,"Operations professional skilled in Scheduling, Logistics, Lean Management. Passionate about driving results and solving challenges through innovation and teamwork.","Scheduling, Logistics, Lean Management, Supply Chain, Inventory Management",Worked at Asian Paints as a Operations specialist focusing on scheduling and logistics.,B.Tech in Operations from NIT Trichy.
